{"cameraMode":{"drawMode":0,"name":"Shaded","section":"Shading Mode"},"sceneLighting":false,"audioPlay":false,"sceneViewState":{"showFog":true,"showMaterialUpdate":false,"showSkybox":false,"showFlares":true,"showImageEffects":true,"showParticleSystems":true},"in2DMode":false,"pivot":{"x":1.4901161193847657e-8,"y":0.3417401611804962,"z":0.11479872465133667},"rotation":{"x":-0.051027268171310428,"y":0.9468541145324707,"z":-0.2547343075275421,"w":-0.18966974318027497},"size":2.379619598388672,"orthographic":false}