{"cameraMode":{"drawMode":0,"name":"Shaded","section":"Shading Mode"},"sceneLighting":false,"audioPlay":false,"sceneViewState":{"showFog":true,"showMaterialUpdate":false,"showSkybox":false,"showFlares":true,"showImageEffects":true,"showParticleSystems":true},"in2DMode":false,"pivot":{"x":0.2619304060935974,"y":0.7787575721740723,"z":0.2237098217010498},"rotation":{"x":0.01938510313630104,"y":0.9394268989562988,"z":-0.33793267607688906,"w":0.05388900637626648},"size":2.0333025455474855,"orthographic":false}